{
  "step": "13-model-training",
  "split_mode": "time_series",
  "train_rows": 15768,
  "test_rows": 3943,
  "feature_count": 56,
  "candidates": [
    {
      "model_name": "ridge",
      "complexity": 1,
      "r2": 0.5668829594991239,
      "rmse": 59.56329686814975,
      "mae": 28.412928284580207,
      "cv_scores_r2": [
        0.4196864972001293,
        0.5290935074837924,
        0.5718181821121572,
        0.6165359241842387,
        0.5784077088002022
      ],
      "cv_mean_r2": 0.543108363956104,
      "cv_std_r2": 0.06766280721563601,
      "artifact_path": "output/20260418T103757Z/candidate-ridge.joblib"
    },
    {
      "model_name": "random_forest",
      "complexity": 4,
      "r2": -0.03480534946370306,
      "rmse": 92.06730388111306,
      "mae": 60.577791867444425,
      "cv_scores_r2": [
        0.28105689699933434,
        0.498601450851067,
        0.43466449532914797,
        0.4932331057549747,
        0.5723648640224663
      ],
      "cv_mean_r2": 0.45598416259139807,
      "cv_std_r2": 0.09777756506549751,
      "artifact_path": "output/20260418T103757Z/candidate-random_forest.joblib"
    },
    {
      "model_name": "gradient_boosting",
      "complexity": 3,
      "r2": 0.32471170567201324,
      "rmse": 74.37392535701879,
      "mae": 50.240605562948154,
      "cv_scores_r2": [
        0.514972419505667,
        0.502199234440605,
        0.5227967616154661,
        0.4244701430493545,
        0.558752982319102
      ],
      "cv_mean_r2": 0.5046383081860389,
      "cv_std_r2": 0.0442669290246367,
      "artifact_path": "output/20260418T103757Z/candidate-gradient_boosting.joblib"
    }
  ],
  "best_model_for_artifact": "ridge",
  "context": {
    "dataset_id": "appliances_energy_prediction.csv",
    "target_column": "appliances",
    "time_column": "date",
    "features": [
      "lights",
      "t1",
      "rh_1",
      "t2",
      "rh_2",
      "rh_3",
      "t4",
      "rh_4",
      "rh_5",
      "t6",
      "rh_6",
      "rh_7",
      "t8",
      "rh_8",
      "t9",
      "rh_9",
      "press_mm_hg",
      "rh_out",
      "windspeed",
      "visibility",
      "tdewpoint",
      "year",
      "month",
      "day_of_week",
      "hour",
      "lights_lag_1",
      "lights_lag_2",
      "lights_lag_3",
      "target_lag_1",
      "target_lag_2",
      "target_lag_3",
      "target_lag_4",
      "target_lag_5",
      "target_lag_6",
      "target_lag_7",
      "target_lag_8",
      "target_lag_9",
      "target_lag_10",
      "target_lag_11",
      "target_lag_12",
      "target_lag_13",
      "target_lag_14",
      "target_lag_15",
      "target_lag_16",
      "target_lag_17",
      "target_lag_18",
      "target_lag_19",
      "target_lag_20",
      "target_lag_21",
      "target_lag_22",
      "target_lag_23",
      "target_lag_24",
      "target_rolling_mean_1",
      "target_rolling_std_1",
      "target_rolling_mean_2",
      "target_rolling_std_2"
    ],
    "split_strategy": {
      "requested_mode": "auto",
      "resolved_mode": "time_series",
      "time_column": "date",
      "random_state": 42
    },
    "model_candidates": [
      {
        "name": "ridge",
        "complexity": 1
      },
      {
        "name": "random_forest",
        "complexity": 4
      },
      {
        "name": "gradient_boosting",
        "complexity": 3
      }
    ],
    "metrics": {
      "best_cv_mean_r2": 0.543108363956104,
      "best_holdout_r2": 0.5668829594991239
    },
    "artifacts": {
      "cleaned_parquet": "output/20260418T103757Z/cleaned.parquet",
      "features_parquet": "output/20260418T103757Z/features.parquet",
      "model_joblib": "output/20260418T103757Z/model.joblib",
      "holdout_npz": "output/20260418T103757Z/holdout.npz"
    },
    "notes": []
  },
  "artifacts": {
    "model_joblib": "output/20260418T103757Z/model.joblib",
    "holdout_npz": "output/20260418T103757Z/holdout.npz"
  }
}