{
  "step": "14-model-evaluation",
  "run_id": "20260419T124300Z",
  "candidates": [
    {
      "model_name": "ridge",
      "r2": 0.5434138321346691,
      "rmse": 60.77332376887828,
      "mae": 27.09667217114412,
      "cv_mean_r2": 0.5530379911675435,
      "cv_std_r2": 0.032088106249092405,
      "residual_mean": -0.5661506853340755,
      "residual_max_abs": 603.3428064189532,
      "model_worse_than_mean_baseline": false,
      "naive_baseline_r2": 0.4460053224358943,
      "naive_baseline_rmse": 66.94288269131225,
      "naive_baseline_mae": 26.729326319699744,
      "mape": 0.25170043084189436
    },
    {
      "model_name": "random_forest",
      "r2": 0.17087608172559765,
      "rmse": 81.895744561149,
      "mae": 49.06560840529113,
      "cv_mean_r2": 0.39228853807357494,
      "cv_std_r2": 0.1766960172006031,
      "residual_mean": -33.03881228080155,
      "residual_max_abs": 592.4567404203132,
      "model_worse_than_mean_baseline": false,
      "naive_baseline_r2": 0.4460053224358943,
      "naive_baseline_rmse": 66.94288269131225,
      "naive_baseline_mae": 26.729326319699744,
      "mape": 0.512943619637487
    },
    {
      "model_name": "gradient_boosting",
      "r2": -0.8045473673590082,
      "rmse": 120.81914470644249,
      "mae": 91.24389735172845,
      "cv_mean_r2": 0.11567909215159511,
      "cv_std_r2": 0.5245101896424298,
      "residual_mean": -78.24025321433696,
      "residual_max_abs": 546.2424036753104,
      "model_worse_than_mean_baseline": true,
      "naive_baseline_r2": 0.4460053224358943,
      "naive_baseline_rmse": 66.94288269131225,
      "naive_baseline_mae": 26.729326319699744,
      "mape": 1.226298424549096
    }
  ],
  "quality_assessment": "acceptable",
  "target_stats": {
    "mean": 96.0249391727494,
    "std": 89.9397371151608,
    "min": 20.0,
    "max": 850.0
  },
  "expansion_diagnosis": null,
  "expansion_candidates": []
}