{
  "step": "14-model-evaluation",
  "target_stats": {
    "mean": 97.6949581960983,
    "std": 102.52489053740628,
    "min": 10.0,
    "max": 1080.0
  },
  "candidate_reports": [
    {
      "model_name": "ridge",
      "complexity": 1,
      "r2": 0.9999996219365327,
      "rmse": 0.05597673881440571,
      "mae": 0.027968793270022087,
      "cv_mean_r2": 0.9999929574129531,
      "cv_std_r2": 1.0650174627423265e-05,
      "residual_mean": -0.00137629861704743,
      "residual_max_abs": 0.4589449155052989,
      "artifact_path": "output\\20260410T184437Z\\candidate-ridge.joblib",
      "model_worse_than_mean_baseline": false,
      "mape": 0.02779560046320243
    },
    {
      "model_name": "random_forest",
      "complexity": 4,
      "r2": 0.996264254285962,
      "rmse": 5.564342958848882,
      "mae": 0.9096022295414238,
      "cv_mean_r2": 0.9910851387772508,
      "cv_std_r2": 0.00856777642613551,
      "residual_mean": 0.03611181488050004,
      "residual_max_abs": 183.36666666666667,
      "artifact_path": "output\\20260410T184437Z\\candidate-random_forest.joblib",
      "model_worse_than_mean_baseline": false,
      "mape": 0.3576072326778653
    },
    {
      "model_name": "gradient_boosting",
      "complexity": 3,
      "r2": 0.9939723427604804,
      "rmse": 7.068048333304272,
      "mae": 4.434838890292328,
      "cv_mean_r2": 0.9910135093759356,
      "cv_std_r2": 0.0034041340085558484,
      "residual_mean": 0.24084795289032734,
      "residual_max_abs": 91.66845323594862,
      "artifact_path": "output\\20260410T184437Z\\candidate-gradient_boosting.joblib",
      "model_worse_than_mean_baseline": false,
      "mape": 5.226010699550444
    }
  ],
  "candidates": [
    {
      "model_name": "ridge",
      "complexity": 1,
      "r2": 0.9999996219365327,
      "rmse": 0.05597673881440571,
      "mae": 0.027968793270022087,
      "cv_mean_r2": 0.9999929574129531,
      "cv_std_r2": 1.0650174627423265e-05,
      "residual_mean": -0.00137629861704743,
      "residual_max_abs": 0.4589449155052989,
      "artifact_path": "output\\20260410T184437Z\\candidate-ridge.joblib",
      "model_worse_than_mean_baseline": false,
      "mape": 0.02779560046320243
    },
    {
      "model_name": "random_forest",
      "complexity": 4,
      "r2": 0.996264254285962,
      "rmse": 5.564342958848882,
      "mae": 0.9096022295414238,
      "cv_mean_r2": 0.9910851387772508,
      "cv_std_r2": 0.00856777642613551,
      "residual_mean": 0.03611181488050004,
      "residual_max_abs": 183.36666666666667,
      "artifact_path": "output\\20260410T184437Z\\candidate-random_forest.joblib",
      "model_worse_than_mean_baseline": false,
      "mape": 0.3576072326778653
    },
    {
      "model_name": "gradient_boosting",
      "complexity": 3,
      "r2": 0.9939723427604804,
      "rmse": 7.068048333304272,
      "mae": 4.434838890292328,
      "cv_mean_r2": 0.9910135093759356,
      "cv_std_r2": 0.0034041340085558484,
      "residual_mean": 0.24084795289032734,
      "residual_max_abs": 91.66845323594862,
      "artifact_path": "output\\20260410T184437Z\\candidate-gradient_boosting.joblib",
      "model_worse_than_mean_baseline": false,
      "mape": 5.226010699550444
    }
  ],
  "quality_assessment": "acceptable",
  "expansion_diagnosis": "",
  "expansion_candidates": [],
  "context": {
    "dataset_id": "appliances_energy_prediction.csv",
    "target_column": "appliances",
    "time_column": "date",
    "features": [
      "lights",
      "t1",
      "rh_1",
      "t2",
      "rh_2",
      "rh_3",
      "t4",
      "rh_4",
      "rh_5",
      "t6",
      "rh_6",
      "rh_7",
      "t8",
      "rh_8",
      "t9",
      "rh_9",
      "press_mm_hg",
      "rh_out",
      "windspeed",
      "visibility",
      "tdewpoint",
      "year",
      "month",
      "day_of_week",
      "hour",
      "lights_lag_1",
      "lights_lag_2",
      "lights_lag_3",
      "target_lag_1",
      "target_lag_2",
      "target_lag_3",
      "target_lag_4",
      "target_lag_5",
      "target_lag_6",
      "target_lag_7",
      "target_lag_8",
      "target_lag_9",
      "target_lag_10",
      "target_lag_11",
      "target_lag_12",
      "target_lag_13",
      "target_lag_14",
      "target_lag_15",
      "target_lag_16",
      "target_lag_17",
      "target_lag_18",
      "target_lag_19",
      "target_lag_20",
      "target_lag_21",
      "target_lag_22",
      "target_lag_23",
      "target_lag_24",
      "target_rolling_std_1",
      "target_rolling_mean_2",
      "target_rolling_std_2"
    ],
    "split_strategy": {
      "requested_mode": "auto",
      "resolved_mode": "time_series",
      "time_column": "date",
      "random_state": 42
    },
    "model_candidates": [
      {
        "name": "ridge",
        "complexity": 1
      },
      {
        "name": "random_forest",
        "complexity": 4
      },
      {
        "name": "gradient_boosting",
        "complexity": 3
      }
    ],
    "metrics": {
      "best_cv_mean_r2": 0.9999929574129531,
      "best_holdout_r2": 0.9999996219365327
    },
    "artifacts": {
      "cleaned_parquet": "output\\20260410T184437Z\\cleaned.parquet",
      "features_parquet": "output\\20260410T184437Z\\features.parquet",
      "model_joblib": "output\\20260410T184437Z\\model.joblib",
      "holdout_npz": "output\\20260410T184437Z\\holdout.npz"
    },
    "notes": []
  }
}