{
  "step": "13-model-training",
  "split_mode": "time_series",
  "train_rows": 15788,
  "test_rows": 3947,
  "feature_count": 55,
  "candidates": [
    {
      "model_name": "ridge",
      "complexity": 1,
      "r2": 0.9999996219365327,
      "rmse": 0.05597673881440571,
      "mae": 0.027968793270022087,
      "cv_scores_r2": [
        0.9999718315047159,
        0.9999956913569168,
        0.9999984668429669,
        0.9999993012481225,
        0.9999994961120436
      ],
      "cv_mean_r2": 0.9999929574129531,
      "cv_std_r2": 1.0650174627423265e-05,
      "artifact_path": "output\\20260410T184437Z\\candidate-ridge.joblib"
    },
    {
      "model_name": "random_forest",
      "complexity": 4,
      "r2": 0.996264254285962,
      "rmse": 5.564342958848882,
      "mae": 0.9096022295414238,
      "cv_scores_r2": [
        0.9739696362822027,
        0.9954483912831251,
        0.9950718078439134,
        0.9948578752853312,
        0.9960779831916816
      ],
      "cv_mean_r2": 0.9910851387772508,
      "cv_std_r2": 0.00856777642613551,
      "artifact_path": "output\\20260410T184437Z\\candidate-random_forest.joblib"
    },
    {
      "model_name": "gradient_boosting",
      "complexity": 3,
      "r2": 0.9939723427604804,
      "rmse": 7.068048333304272,
      "mae": 4.434838890292328,
      "cv_scores_r2": [
        0.9846026552426769,
        0.9906143566967349,
        0.9924377552698294,
        0.9939807813980914,
        0.9934319982723453
      ],
      "cv_mean_r2": 0.9910135093759356,
      "cv_std_r2": 0.0034041340085558484,
      "artifact_path": "output\\20260410T184437Z\\candidate-gradient_boosting.joblib"
    }
  ],
  "best_model_for_artifact": "ridge",
  "context": {
    "dataset_id": "appliances_energy_prediction.csv",
    "target_column": "appliances",
    "time_column": "date",
    "features": [
      "lights",
      "t1",
      "rh_1",
      "t2",
      "rh_2",
      "rh_3",
      "t4",
      "rh_4",
      "rh_5",
      "t6",
      "rh_6",
      "rh_7",
      "t8",
      "rh_8",
      "t9",
      "rh_9",
      "press_mm_hg",
      "rh_out",
      "windspeed",
      "visibility",
      "tdewpoint",
      "year",
      "month",
      "day_of_week",
      "hour",
      "lights_lag_1",
      "lights_lag_2",
      "lights_lag_3",
      "target_lag_1",
      "target_lag_2",
      "target_lag_3",
      "target_lag_4",
      "target_lag_5",
      "target_lag_6",
      "target_lag_7",
      "target_lag_8",
      "target_lag_9",
      "target_lag_10",
      "target_lag_11",
      "target_lag_12",
      "target_lag_13",
      "target_lag_14",
      "target_lag_15",
      "target_lag_16",
      "target_lag_17",
      "target_lag_18",
      "target_lag_19",
      "target_lag_20",
      "target_lag_21",
      "target_lag_22",
      "target_lag_23",
      "target_lag_24",
      "target_rolling_std_1",
      "target_rolling_mean_2",
      "target_rolling_std_2"
    ],
    "split_strategy": {
      "requested_mode": "auto",
      "resolved_mode": "time_series",
      "time_column": "date",
      "random_state": 42
    },
    "model_candidates": [
      {
        "name": "ridge",
        "complexity": 1
      },
      {
        "name": "random_forest",
        "complexity": 4
      },
      {
        "name": "gradient_boosting",
        "complexity": 3
      }
    ],
    "metrics": {
      "best_cv_mean_r2": 0.9999929574129531,
      "best_holdout_r2": 0.9999996219365327
    },
    "artifacts": {
      "cleaned_parquet": "output\\20260410T184437Z\\cleaned.parquet",
      "features_parquet": "output\\20260410T184437Z\\features.parquet",
      "model_joblib": "output\\20260410T184437Z\\model.joblib",
      "holdout_npz": "output\\20260410T184437Z\\holdout.npz"
    },
    "notes": []
  },
  "artifacts": {
    "model_joblib": "output\\20260410T184437Z\\model.joblib",
    "holdout_npz": "output\\20260410T184437Z\\holdout.npz"
  }
}