{
  "step": "14-model-evaluation",
  "target_stats": {
    "mean": 97.65257977778906,
    "std": 102.48532207743204,
    "min": 10.0,
    "max": 1080.0
  },
  "candidate_reports": [
    {
      "model_name": "ridge",
      "complexity": 1,
      "r2": 0.5668829594991238,
      "rmse": 59.56329686814976,
      "mae": 28.412928284580158,
      "cv_mean_r2": 0.5431083639561045,
      "cv_std_r2": 0.0676628072156347,
      "residual_mean": -2.687135279858704,
      "residual_max_abs": 601.9896967710694,
      "artifact_path": "output\\20260410T191647Z\\candidate-ridge.joblib",
      "model_worse_than_mean_baseline": false,
      "mape": 27.628115537903298
    },
    {
      "model_name": "random_forest",
      "complexity": 4,
      "r2": -0.03480534946370306,
      "rmse": 92.06730388111306,
      "mae": 60.577791867444425,
      "cv_mean_r2": 0.45598416259139807,
      "cv_std_r2": 0.09777756506549751,
      "residual_mean": -45.77530645024939,
      "residual_max_abs": 583.5333333333333,
      "artifact_path": "output\\20260410T191647Z\\candidate-random_forest.joblib",
      "model_worse_than_mean_baseline": true,
      "mape": 68.36794867641622
    },
    {
      "model_name": "gradient_boosting",
      "complexity": 3,
      "r2": 0.32471170567201324,
      "rmse": 74.37392535701879,
      "mae": 50.240605562948154,
      "cv_mean_r2": 0.5046383081860389,
      "cv_std_r2": 0.0442669290246367,
      "residual_mean": -32.202765191833365,
      "residual_max_abs": 595.0505912021947,
      "artifact_path": "output\\20260410T191647Z\\candidate-gradient_boosting.joblib",
      "model_worse_than_mean_baseline": false,
      "mape": 60.775452977631794
    }
  ],
  "candidates": [
    {
      "model_name": "ridge",
      "complexity": 1,
      "r2": 0.5668829594991238,
      "rmse": 59.56329686814976,
      "mae": 28.412928284580158,
      "cv_mean_r2": 0.5431083639561045,
      "cv_std_r2": 0.0676628072156347,
      "residual_mean": -2.687135279858704,
      "residual_max_abs": 601.9896967710694,
      "artifact_path": "output\\20260410T191647Z\\candidate-ridge.joblib",
      "model_worse_than_mean_baseline": false,
      "mape": 27.628115537903298
    },
    {
      "model_name": "random_forest",
      "complexity": 4,
      "r2": -0.03480534946370306,
      "rmse": 92.06730388111306,
      "mae": 60.577791867444425,
      "cv_mean_r2": 0.45598416259139807,
      "cv_std_r2": 0.09777756506549751,
      "residual_mean": -45.77530645024939,
      "residual_max_abs": 583.5333333333333,
      "artifact_path": "output\\20260410T191647Z\\candidate-random_forest.joblib",
      "model_worse_than_mean_baseline": true,
      "mape": 68.36794867641622
    },
    {
      "model_name": "gradient_boosting",
      "complexity": 3,
      "r2": 0.32471170567201324,
      "rmse": 74.37392535701879,
      "mae": 50.240605562948154,
      "cv_mean_r2": 0.5046383081860389,
      "cv_std_r2": 0.0442669290246367,
      "residual_mean": -32.202765191833365,
      "residual_max_abs": 595.0505912021947,
      "artifact_path": "output\\20260410T191647Z\\candidate-gradient_boosting.joblib",
      "model_worse_than_mean_baseline": false,
      "mape": 60.775452977631794
    }
  ],
  "quality_assessment": "acceptable",
  "expansion_diagnosis": "",
  "expansion_candidates": [],
  "context": {
    "dataset_id": "appliances_energy_prediction.csv",
    "target_column": "appliances",
    "time_column": "date",
    "features": [
      "lights",
      "t1",
      "rh_1",
      "t2",
      "rh_2",
      "rh_3",
      "t4",
      "rh_4",
      "rh_5",
      "t6",
      "rh_6",
      "rh_7",
      "t8",
      "rh_8",
      "t9",
      "rh_9",
      "press_mm_hg",
      "rh_out",
      "windspeed",
      "visibility",
      "tdewpoint",
      "year",
      "month",
      "day_of_week",
      "hour",
      "lights_lag_1",
      "lights_lag_2",
      "lights_lag_3",
      "target_lag_1",
      "target_lag_2",
      "target_lag_3",
      "target_lag_4",
      "target_lag_5",
      "target_lag_6",
      "target_lag_7",
      "target_lag_8",
      "target_lag_9",
      "target_lag_10",
      "target_lag_11",
      "target_lag_12",
      "target_lag_13",
      "target_lag_14",
      "target_lag_15",
      "target_lag_16",
      "target_lag_17",
      "target_lag_18",
      "target_lag_19",
      "target_lag_20",
      "target_lag_21",
      "target_lag_22",
      "target_lag_23",
      "target_lag_24",
      "target_rolling_mean_1",
      "target_rolling_std_1",
      "target_rolling_mean_2",
      "target_rolling_std_2"
    ],
    "split_strategy": {
      "requested_mode": "auto",
      "resolved_mode": "time_series",
      "time_column": "date",
      "random_state": 42
    },
    "model_candidates": [
      {
        "name": "ridge",
        "complexity": 1
      },
      {
        "name": "random_forest",
        "complexity": 4
      },
      {
        "name": "gradient_boosting",
        "complexity": 3
      }
    ],
    "metrics": {
      "best_cv_mean_r2": 0.5431083639561045,
      "best_holdout_r2": 0.5668829594991238
    },
    "artifacts": {
      "cleaned_parquet": "output\\20260410T191647Z\\cleaned.parquet",
      "features_parquet": "output\\20260410T191647Z\\features.parquet",
      "model_joblib": "output\\20260410T191647Z\\model.joblib",
      "holdout_npz": "output\\20260410T191647Z\\holdout.npz"
    },
    "notes": []
  }
}