{
  "step": "14-model-evaluation",
  "candidate_reports": [
    {
      "model_name": "ridge",
      "complexity": 1,
      "metrics": {
        "r2": 0.10605293036991192,
        "rmse": 86.07581412323282,
        "mae": 50.513568741902496
      },
      "cv_scores_r2": [
        -0.08791546811804407,
        0.0771674712116055,
        0.02720213290085971,
        0.13302025947700202,
        0.13298717820639272
      ],
      "cv_mean_r2": 0.056492314735563175,
      "cv_std_r2": 0.08227633324314226,
      "residual_summary": {
        "mean": -1.9226630619330363,
        "std": 86.05433832020093,
        "p05": -86.74062174147718,
        "p95": 141.0704588358479
      },
      "residual_notes": [
        "Residual center near zero is preferred.",
        "Wide residual spread indicates unstable predictions on holdout."
      ],
      "artifact_path": "output\\20260410T172955Z\\candidate-ridge.joblib"
    },
    {
      "model_name": "gradient_boosting",
      "complexity": 3,
      "metrics": {
        "r2": -9.70918883908174,
        "rmse": 297.9226517260612,
        "mae": 245.54556619617904
      },
      "cv_scores_r2": [
        -0.966233458021537,
        -0.5315674052207569,
        -0.11980936711720958,
        -0.3519693910303967,
        -0.006347955642425296
      ],
      "cv_mean_r2": -0.39518551540646507,
      "cv_std_r2": 0.3387004803569641,
      "residual_summary": {
        "mean": -231.28236082965483,
        "std": 187.79343966323557,
        "p05": -511.5525865899423,
        "p95": 16.606757344474406
      },
      "residual_notes": [
        "Residual center near zero is preferred.",
        "Wide residual spread indicates unstable predictions on holdout."
      ],
      "artifact_path": "output\\20260410T172955Z\\candidate-gradient_boosting.joblib"
    },
    {
      "model_name": "random_forest",
      "complexity": 4,
      "metrics": {
        "r2": -4.530032719002494,
        "rmse": 214.08640376664638,
        "mae": 192.59853897474875
      },
      "cv_scores_r2": [
        -0.9879063971463915,
        -0.9244016212655719,
        -0.26715787566559857,
        -0.7733982003495992,
        -0.36371850440068787
      ],
      "cv_mean_r2": -0.6633165197655698,
      "cv_std_r2": 0.29405531358207804,
      "residual_summary": {
        "mean": -177.39137741744784,
        "std": 119.85527729589602,
        "p05": -326.62333333333333,
        "p95": 8.916666666666512
      },
      "residual_notes": [
        "Residual center near zero is preferred.",
        "Wide residual spread indicates unstable predictions on holdout."
      ],
      "artifact_path": "output\\20260410T172955Z\\candidate-random_forest.joblib"
    }
  ],
  "context": {
    "dataset_id": "appliances_energy_prediction.csv",
    "target_column": "appliances",
    "time_column": "date",
    "features": [
      "lights",
      "t1",
      "rh_1",
      "t2",
      "rh_2",
      "t3",
      "rh_3",
      "t4",
      "rh_4",
      "t5",
      "rh_5",
      "t6",
      "rh_6",
      "t7",
      "rh_7",
      "t8",
      "rh_8",
      "t9",
      "rh_9",
      "t_out",
      "press_mm_hg",
      "rh_out",
      "windspeed",
      "visibility",
      "tdewpoint",
      "rv1",
      "rv2",
      "date_year",
      "date_month",
      "date_day",
      "date_weekday",
      "date_ordinal_day",
      "lights_lag1",
      "lights_rollmean3",
      "t1_lag1",
      "t1_rollmean3",
      "rh_1_lag1",
      "rh_1_rollmean3",
      "t2_lag1",
      "t2_rollmean3",
      "rh_2_lag1",
      "rh_2_rollmean3"
    ],
    "split_strategy": {
      "requested_mode": "auto",
      "resolved_mode": "time_series",
      "time_column": "date",
      "random_state": 42
    },
    "model_candidates": [
      {
        "name": "ridge",
        "complexity": 1
      },
      {
        "name": "gradient_boosting",
        "complexity": 3
      },
      {
        "name": "random_forest",
        "complexity": 4
      }
    ],
    "metrics": {
      "best_cv_mean_r2": 0.056492314735563175,
      "best_holdout_r2": 0.10605293036991192
    },
    "artifacts": {
      "cleaned_parquet": "output\\20260410T172955Z\\cleaned.parquet",
      "features_parquet": "output\\20260410T172955Z\\features.parquet",
      "holdout_npz": "output\\20260410T172955Z\\holdout.npz",
      "model_joblib": "output\\20260410T172955Z\\model.joblib"
    },
    "notes": []
  }
}