{
  "step": "13-model-training",
  "split_mode": "time_series",
  "train_rows": 15788,
  "test_rows": 3947,
  "feature_count": 41,
  "candidates": [
    {
      "model_name": "ridge",
      "complexity": 1,
      "r2": 0.11467225673852688,
      "rmse": 85.65984286618226,
      "mae": 49.97054257273384,
      "cv_scores_r2": [
        -0.11403443875115182,
        0.09735236938207448,
        -0.029830994190035653,
        0.13175955848857435,
        0.11644563040516531
      ],
      "cv_mean_r2": 0.04033842506692533,
      "cv_std_r2": 0.09607856021935453,
      "artifact_path": "output\\20260410T181015Z\\candidate-ridge.joblib"
    },
    {
      "model_name": "random_forest",
      "complexity": 4,
      "r2": -4.666934793795751,
      "rmse": 216.72017576216396,
      "mae": 176.14737775525714,
      "cv_scores_r2": [
        -0.98061175738487,
        -0.6146723461856356,
        -0.08082465943594497,
        -0.23286165338760423,
        -0.4317852150971342
      ],
      "cv_mean_r2": -0.46815112629823774,
      "cv_std_r2": 0.3133016992558699,
      "artifact_path": "output\\20260410T181015Z\\candidate-random_forest.joblib"
    },
    {
      "model_name": "gradient_boosting",
      "complexity": 3,
      "r2": -6.850697024666848,
      "rmse": 255.08172494126592,
      "mae": 198.23812892900006,
      "cv_scores_r2": [
        -1.4853004231163922,
        0.046234584114478894,
        -0.08702072738895139,
        -0.11860096830903033,
        -0.1682095046137282
      ],
      "cv_mean_r2": -0.36257940786272463,
      "cv_std_r2": 0.5658390376722148,
      "artifact_path": "output\\20260410T181015Z\\candidate-gradient_boosting.joblib"
    }
  ],
  "best_model_for_artifact": "ridge",
  "context": {
    "dataset_id": "appliances_energy_prediction.csv",
    "target_column": "appliances",
    "time_column": "date",
    "features": [
      "lights",
      "t1",
      "rh_1",
      "t2",
      "rh_2",
      "t3",
      "rh_3",
      "t4",
      "rh_4",
      "t5",
      "rh_5",
      "t6",
      "rh_6",
      "t7",
      "rh_7",
      "t8",
      "rh_8",
      "t9",
      "rh_9",
      "t_out",
      "press_mm_hg",
      "rh_out",
      "windspeed",
      "visibility",
      "tdewpoint",
      "rv1",
      "rv2",
      "date_year",
      "date_month",
      "date_weekday",
      "date_hour",
      "lights_lag1",
      "lights_rollmean3",
      "t1_lag1",
      "t1_rollmean3",
      "rh_1_lag1",
      "rh_1_rollmean3",
      "t2_lag1",
      "t2_rollmean3",
      "rh_2_lag1",
      "rh_2_rollmean3"
    ],
    "split_strategy": {
      "requested_mode": "auto",
      "resolved_mode": "time_series",
      "time_column": "date",
      "random_state": 42
    },
    "model_candidates": [
      {
        "name": "ridge",
        "complexity": 1
      },
      {
        "name": "random_forest",
        "complexity": 4
      },
      {
        "name": "gradient_boosting",
        "complexity": 3
      }
    ],
    "metrics": {
      "best_cv_mean_r2": 0.04033842506692533,
      "best_holdout_r2": 0.11467225673852688
    },
    "artifacts": {
      "cleaned_parquet": "output\\20260410T181015Z\\cleaned.parquet",
      "features_parquet": "output\\20260410T181015Z\\features.parquet",
      "model_joblib": "output\\20260410T181015Z\\model.joblib",
      "holdout_npz": "output\\20260410T181015Z\\holdout.npz"
    },
    "notes": []
  },
  "artifacts": {
    "model_joblib": "output\\20260410T181015Z\\model.joblib",
    "holdout_npz": "output\\20260410T181015Z\\holdout.npz"
  }
}