{
  "step": "14-model-evaluation",
  "run_id": "20260428T134926Z",
  "timestamp": "2026-04-28T15:58:57.911526Z",
  "candidate_evaluations": {
    "ridge": {
      "r2": 0.5446884967138537,
      "rmse": 60.68162207578329,
      "mae": 27.400795515430822,
      "mse": 3682.2592577481896,
      "residual_mean": 1.0028328680898932,
      "residual_std": 60.673335032672036,
      "residual_max_abs": 601.2934021440959,
      "status": "evaluated",
      "model_worse_than_mean_baseline": false,
      "training_r2": 0.5446884967138537,
      "training_rmse": 60.68162207578329
    },
    "ridge_strong": {
      "r2": 0.5447783494096059,
      "rmse": 60.675634223167656,
      "mae": 27.390744100042788,
      "mse": 3681.5325883836344,
      "residual_mean": 0.9818772304317627,
      "residual_std": 60.66768913917848,
      "residual_max_abs": 601.236213023939,
      "status": "evaluated",
      "model_worse_than_mean_baseline": false,
      "training_r2": 0.5447783494096059,
      "training_rmse": 60.675634223167656
    },
    "elasticnet": {
      "r2": 0.5471735646516311,
      "rmse": 60.515796835535006,
      "mae": 26.94709819676628,
      "mse": 3662.1616666397485,
      "residual_mean": 0.49671877151751864,
      "residual_std": 60.51375824638369,
      "residual_max_abs": 599.1736077205079,
      "status": "evaluated",
      "model_worse_than_mean_baseline": false,
      "training_r2": 0.5471735646516311,
      "training_rmse": 60.515796835535006
    },
    "elasticnet_l1": {
      "r2": 0.5469661754495868,
      "rmse": 60.52965301219672,
      "mae": 27.211600810313797,
      "mse": 3663.838893776935,
      "residual_mean": 0.10378711531055355,
      "residual_std": 60.52956403288917,
      "residual_max_abs": 598.7891161535591,
      "status": "evaluated",
      "model_worse_than_mean_baseline": false,
      "training_r2": 0.5469661754495868,
      "training_rmse": 60.52965301219672
    },
    "random_forest": {
      "r2": -0.13978721104592262,
      "rmse": 96.00962199884492,
      "mae": 64.46603121024185,
      "mse": 9217.847516361087,
      "residual_mean": -51.18170210799269,
      "residual_std": 81.2298029401142,
      "residual_max_abs": 575.4184915914942,
      "status": "evaluated",
      "model_worse_than_mean_baseline": true,
      "training_r2": -0.13978721104592262,
      "training_rmse": 96.00962199884492
    },
    "hist_gradient_boosting": {
      "r2": 0.5385158046724449,
      "rmse": 61.091569970047246,
      "mae": 31.632763691356686,
      "mse": 3732.1799214051784,
      "residual_mean": -10.650940534722725,
      "residual_std": 60.15594224289882,
      "residual_max_abs": 591.3776723436274,
      "status": "evaluated",
      "model_worse_than_mean_baseline": false,
      "training_r2": 0.5385158046724449,
      "training_rmse": 61.091569970047246
    },
    "gradient_boosting": {
      "r2": -0.37976131499920074,
      "rmse": 105.63427406573095,
      "mae": 78.52920390451641,
      "mse": 11158.59985739396,
      "residual_mean": -63.78228761943443,
      "residual_std": 84.2046295842794,
      "residual_max_abs": 591.8570066869845,
      "status": "evaluated",
      "model_worse_than_mean_baseline": true,
      "training_r2": -0.37976131499920074,
      "training_rmse": 105.63427406573095
    }
  },
  "target_stats": {
    "mean": 96.01094557616297,
    "std": 89.92964312880558,
    "min": 20.0,
    "max": 850.0,
    "median": 60.0
  },
  "best_r2_on_holdout": 0.5471735646516311,
  "quality_assessment": "acceptable",
  "expansion_diagnosis": "",
  "expansion_candidates": null,
  "notes": [
    "Evaluated 7 candidate models on holdout set",
    "Best holdout R\u00b2: 0.5472",
    "Quality assessment: acceptable",
    "Target variable: mean=96.01, std=89.93"
  ]
}